{"e": 0.11159943493956992, "m": 0.030136556270601158, "a": 0.08497488620310782, "h": 0.03003845550149113, "r": 0.07581227436823104, "g": 0.024701773661905506, "i": 0.07543949144561293, "b": 0.020718882436038297, "o": 0.07163318160414377, "f": 0.018129022131533508, "t": 0.06951420499136712, "y": 0.017775859362737404, "n": 0.06655156176424423, "w": 0.012890441061057918, "s": 0.05734970962172343, "k": 0.011006906294145346, "l": 0.05489719039397268, "v": 0.010065138910689058, "c": 0.045381415790299785, "x": 0.0029037827656568822, "u": 0.03631690472453304, "z": 0.0027272013812588286, "d": 0.033844765342960284, "j": 0.0019620153822005964, "p": 0.03166692826871762, "q": 0.0019620153822005964}